<?xml version="1.0" encoding="UTF-8" ?>
<!DOCTYPE mapper PUBLIC "-//mybatis.org//DTD Mapper 3.0//EN" "http://mybatis.org/dtd/mybatis-3-mapper.dtd" >
<mapper namespace="com.example.foodDemo.mapper.FoodMapper">
    <select id="findCostTop10" resultType="java.util.Map">
        select foodType,ROUND(AVG(cost),2) as avgCost,ROUND(AVG(taste),2) as avgTaste,ROUND(AVG(service),2) as avgService,ROUND(AVG(environment),2) as avgEnvironment from catering_data where foodType is not null GROUP BY foodType ORDER BY avgCost desc limit 10
    </select>
    <select id="findAddrCost" resultType="java.util.Map">
        select foodAddr,ROUND(AVG(cost),1) as avgCost from catering_data where foodAddr is not null GROUP BY foodAddr HAVING avgCost > 0 ORDER BY avgCost desc
    </select>
    <select id="findAddrService" resultType="java.util.Map" >
        select foodAddr,ROUND(AVG(service),2) as avgService from catering_data where foodAddr is not null GROUP BY foodAddr ORDER BY avgService desc
    </select>
    <select id="findTypeComment" resultType="java.util.Map">
        select foodType,ROUND(AVG(commentCount)) as avgComment from catering_data where foodType is not null GROUP BY foodType ORDER BY avgComment desc
    </select>
    <select id="findAddrEnvironment" resultType="java.util.Map">
        select foodAddr,AVG(environment) as avgEnvironment from catering_data where foodAddr is not null GROUP BY foodAddr ORDER BY avgEnvironment desc limit 10
    </select>
</mapper>